ts_code,trade_date,open,high,low,close,pre_close,change,pct_chg,vol,amount
601698.SH,20250704,20.64,20.91,20.15,20.2,21.13,-0.93,-4.4013,699865.23,1429973.859
601698.SH,20250703,20.9,22.54,20.89,21.13,20.49,0.64,3.1235,1070165.29,2321343.388
601698.SH,20250702,20.2,20.56,19.75,20.49,20.2,0.29,1.4356,403045.47,809384.466
601698.SH,20250701,20.44,20.44,20.12,20.2,20.47,-0.27,-1.319,216404.77,437567.934
601698.SH,20250630,19.95,20.49,19.92,20.47,19.9,0.57,2.8643,334278.42,679969.285
601698.SH,20250627,19.85,20.06,19.75,19.9,19.9,0,0,163132,324953.735
601698.SH,20250626,19.8,20.33,19.76,19.93,19.88,0.05,0.2515,328794.19,660126.689
601698.SH,20250625,19.56,19.94,19.5,19.88,19.55,0.33,1.688,272682.24,540292.091
601698.SH,20250624,19.39,19.57,19.31,19.55,19.46,0.09,0.4625,134384.2,261510.856
601698.SH,20250623,19.11,19.5,19.1,19.46,19.13,0.33,1.725,111318,215359.305
601698.SH,20250620,19.32,19.37,19.12,19.13,19.32,-0.19,-0.9834,86291.23,165675.111
601698.SH,20250619,19.63,19.63,19.26,19.32,19.65,-0.33,-1.6794,117421,227743.62
601698.SH,20250618,19.58,19.71,19.51,19.65,19.62,0.03,0.1529,122255,239891.933
601698.SH,20250617,19.71,19.74,19.45,19.62,19.65,-0.03,-0.1527,101722.99,199098.585
601698.SH,20250616,19.74,19.75,19.53,19.65,19.64,0.01,0.0509,106422,208860.055
601698.SH,20250613,19.3,19.76,19.29,19.64,19.3,0.34,1.7617,284142.33,555732.623
601698.SH,20250612,19.35,19.39,19.23,19.3,19.41,-0.11,-0.5667,109877.55,211902.24
601698.SH,20250611,19.5,19.58,19.41,19.41,19.56,-0.15,-0.7669,132372.91,257664.674
601698.SH,20250610,19.62,20.13,19.44,19.56,19.65,-0.09,-0.458,231155,455144.379
601698.SH,20250609,19.62,19.8,19.5,19.65,19.62,0.03,0.1529,132488.12,260468.345
601698.SH,20250606,19.9,20.05,19.56,19.62,19.82,-0.2,-1.0091,175728.18,346872.091
601698.SH,20250605,19.6,20.06,19.4,19.82,19.57,0.25,1.2775,243456.8,482143.274
601698.SH,20250604,19.58,19.99,19.52,19.57,19.6,-0.03,-0.1531,146923.55,289348.756
601698.SH,20250603,19.52,19.78,19.48,19.6,19.57,0.03,0.1533,144914.09,284259.787
601698.SH,20250530,19.4,19.66,19.25,19.57,19.56,0.01,0.0511,175845.43,342119.166
601698.SH,20250529,19.15,20,19.15,19.56,19.18,0.38,1.9812,234583.03,460607.172
601698.SH,20250528,19.36,19.48,19.16,19.18,19.48,-0.3,-1.54,105523.73,203467.752
601698.SH,20250527,19.05,19.76,18.92,19.48,19.1,0.38,1.9895,251989.21,489526.041
601698.SH,20250526,19.02,19.19,18.99,19.1,18.98,0.12,0.6322,85057.12,162441.096
601698.SH,20250523,19.28,19.31,18.93,18.98,19.29,-0.31,-1.6071,142420.71,272157.895
601698.SH,20250522,19.44,19.58,19.28,19.29,19.48,-0.19,-0.9754,106754.19,207436.629
601698.SH,20250521,19.61,19.61,19.3,19.48,19.54,-0.06,-0.3071,121172.07,235288.526
601698.SH,20250520,19.4,19.93,19.32,19.54,19.43,0.11,0.5661,153570.59,301644.356
601698.SH,20250519,19.33,19.59,19.19,19.43,19.27,0.16,0.8303,127364.71,247134.744
601698.SH,20250516,19.23,19.43,19.22,19.27,19.27,0,0,113743,219486.356
601698.SH,20250515,19.78,19.85,19.22,19.27,19.64,-0.37,-1.8839,187592.75,364797.812
601698.SH,20250514,19.79,19.93,19.52,19.64,19.86,-0.22,-1.1078,222727.41,437777.11
601698.SH,20250513,20.49,20.49,19.8,19.86,20.5,-0.64,-3.122,378170.38,759455.693
601698.SH,20250512,19.9,20.83,19.71,20.5,19.79,0.71,3.5877,532746.39,1088964.783
601698.SH,20250509,20.22,20.4,19.71,19.79,20.21,-0.42,-2.0782,231064,459714.047
601698.SH,20250508,19.8,20.22,19.68,20.21,19.95,0.26,1.3033,292891,585423.13
601698.SH,20250507,19.98,20.1,19.63,19.95,19.63,0.32,1.6302,334795.66,665260.471
601698.SH,20250506,19.04,19.64,19.02,19.63,18.93,0.7,3.6978,244335.72,474418.785
601698.SH,20250430,18.89,19.08,18.6,18.93,19.08,-0.15,-0.7862,177552.77,335404.146
601698.SH,20250429,19.03,19.24,19,19.08,19.1,-0.02,-0.1047,91530.93,175179.173
601698.SH,20250428,19.38,19.46,19.07,19.1,19.5,-0.4,-2.0513,130527,250293.526
601698.SH,20250425,19.6,19.68,19.47,19.5,19.62,-0.12,-0.6116,115560,226265.84
601698.SH,20250424,19.78,19.98,19.36,19.62,19.85,-0.23,-1.1587,181878.32,357154.488
601698.SH,20250423,19.7,19.91,19.66,19.85,19.69,0.16,0.8126,170208.32,336696.641
601698.SH,20250422,19.7,19.86,19.62,19.69,19.84,-0.15,-0.756,116144.6,229020.429
601698.SH,20250421,19.68,19.91,19.56,19.84,19.59,0.25,1.2762,174108.56,344662.715
601698.SH,20250418,19.5,19.77,19.19,19.59,19.56,0.03,0.1534,173940.84,338678.082
601698.SH,20250417,19.51,19.79,19.44,19.56,19.7,-0.14,-0.7107,151109.24,296598.141
601698.SH,20250416,19.7,19.93,19.32,19.7,19.76,-0.06,-0.3036,189096.75,370451.693
601698.SH,20250415,19.93,20.12,19.61,19.76,19.93,-0.17,-0.853,178049.16,353390.718
601698.SH,20250414,20.1,20.15,19.8,19.93,20.07,-0.14,-0.6976,279298.73,557931.833
601698.SH,20250411,19.45,20.67,19.35,20.07,19.45,0.62,3.1877,471376.94,942937.751
601698.SH,20250410,19.7,19.78,19.12,19.45,19.45,0,0,386182.68,754231.456
601698.SH,20250409,18.3,19.5,18.22,19.45,18.58,0.87,4.6825,413513.31,788287.952
601698.SH,20250408,17.82,18.58,17.82,18.58,17.8,0.78,4.382,326117.31,595629.849
601698.SH,20250407,18.93,19.27,17.8,17.8,19.78,-1.98,-10.0101,435026.29,795014.632
601698.SH,20250403,19.25,19.94,19.16,19.78,19.44,0.34,1.749,273536.18,539369.723
601698.SH,20250402,19.53,19.53,19.23,19.44,19.51,-0.07,-0.3588,163325,316620.773
601698.SH,20250401,19.07,19.75,19.05,19.51,19.05,0.46,2.4147,236826.91,459401.602
601698.SH,20250331,19.09,19.16,18.76,19.05,19.09,-0.04,-0.2095,160417.11,303922.554
601698.SH,20250328,19.37,19.45,19.08,19.09,19.38,-0.29,-1.4964,158914.5,305197.013
601698.SH,20250327,19.51,19.66,19.1,19.38,19.54,-0.16,-0.8188,177574.16,344209.21
601698.SH,20250326,19.5,19.69,19.5,19.54,19.6,-0.06,-0.3061,149019.61,291719.774
601698.SH,20250325,19.61,19.94,19.46,19.6,19.79,-0.19,-0.9601,189659.61,373365.192
601698.SH,20250324,20.39,20.45,19.45,19.79,20.33,-0.54,-2.6562,343580,680406.388
601698.SH,20250321,20.4,20.83,20.31,20.33,20.51,-0.18,-0.8776,345703.99,709113.311
601698.SH,20250320,20.4,20.6,20.25,20.51,20.38,0.13,0.6379,206761.24,422986.917
601698.SH,20250319,20.55,20.66,20.29,20.38,20.55,-0.17,-0.8273,216674,442355.279
601698.SH,20250318,20.78,20.82,20.46,20.55,20.69,-0.14,-0.6767,226900.51,467285.267
601698.SH,20250317,20.85,20.96,20.66,20.69,20.84,-0.15,-0.7198,236593,491372.654
601698.SH,20250314,20.45,20.9,20.34,20.84,20.67,0.17,0.8224,304023.98,628204.792
601698.SH,20250313,21.23,21.35,20.5,20.67,21.15,-0.48,-2.2695,329024.42,685341.958
601698.SH,20250312,21.58,21.63,21.13,21.15,21.46,-0.31,-1.4445,356136.5,759832.636
601698.SH,20250311,21.09,21.78,20.95,21.46,21.44,0.02,0.0933,361269.8,771581.861
601698.SH,20250310,21.6,21.78,21.3,21.44,21.6,-0.16,-0.7407,310116.47,666361.091
601698.SH,20250307,21.7,22.07,21.3,21.6,21.8,-0.2,-0.9174,574481.95,1243397.184
601698.SH,20250306,21.32,21.98,20.93,21.8,21.29,0.51,2.3955,925322.11,1990124.154
601698.SH,20250305,20.05,21.95,20.05,21.29,20.09,1.2,5.9731,883256.87,1863990.282
601698.SH,20250304,19.7,20.3,19.62,20.09,19.69,0.4,2.0315,320841.77,639499.387
601698.SH,20250303,19.69,20.09,19.43,19.69,19.73,-0.04,-0.2027,275067.18,544645.682
601698.SH,20250228,20.7,20.7,19.65,19.73,20.93,-1.2,-5.7334,377945.51,760202.614
601698.SH,20250227,21.44,21.47,20.59,20.93,21.69,-0.76,-3.5039,430531,904216.601
601698.SH,20250226,22,22.12,21.34,21.69,22.02,-0.33,-1.4986,439119.93,951185.441
601698.SH,20250225,21.6,22.44,21.53,22.02,22.08,-0.06,-0.2717,472511.98,1045095.919
601698.SH,20250224,21.98,22.96,21.57,22.08,21.67,0.41,1.892,709112.17,1576967.26
601698.SH,20250221,21.28,21.97,21.07,21.67,21.42,0.25,1.1671,473103.43,1020458.509
601698.SH,20250220,20.66,21.55,20.48,21.42,20.64,0.78,3.7791,375104.12,792903.453
601698.SH,20250219,20.14,20.67,20.1,20.64,20.15,0.49,2.4318,214169.81,438368.967
601698.SH,20250218,21.18,21.18,20.12,20.15,21.18,-1.03,-4.8631,315710.06,648323.92
601698.SH,20250217,21.24,21.48,20.96,21.18,21.27,-0.09,-0.4231,249754.59,530418.58
601698.SH,20250214,21.03,21.33,20.78,21.27,21.02,0.25,1.1893,238559.15,503005.062
601698.SH,20250213,21.48,21.57,21.01,21.02,21.47,-0.45,-2.0959,246800.06,522875.036
601698.SH,20250212,21.33,21.55,21.09,21.47,21.45,0.02,0.0932,281017.87,599403.641
601698.SH,20250211,21.38,21.79,20.93,21.45,21.51,-0.06,-0.2789,390454,834150.108
601698.SH,20250210,21.08,21.75,20.94,21.51,20.96,0.55,2.624,456698.41,977512.696
601698.SH,20250207,20.8,21.28,20.67,20.96,21.03,-0.07,-0.3329,419226.01,880087.909
601698.SH,20250206,19.81,21.5,19.61,21.03,19.79,1.24,6.2658,558239.67,1164437.104
601698.SH,20250205,19.21,20.07,19.21,19.79,19.19,0.6,3.1266,227537.34,448158.661
601698.SH,20250127,19.68,19.86,19.16,19.19,19.67,-0.48,-2.4403,146064.64,284369.765
601698.SH,20250124,19.6,19.69,19.35,19.67,19.44,0.23,1.1831,162934.88,318807.692
601698.SH,20250123,19.59,20.03,19.42,19.44,19.36,0.08,0.4132,247843.06,488807.044
601698.SH,20250122,19.83,19.88,19.2,19.36,19.97,-0.61,-3.0546,254424.7,496938.018
601698.SH,20250121,19.88,20.35,19.5,19.97,19.74,0.23,1.1651,295824.97,589335.771
601698.SH,20250120,19.83,20.05,19.61,19.74,19.61,0.13,0.6629,197439.45,391418.094
601698.SH,20250117,19.26,20.18,19.2,19.61,19.4,0.21,1.0825,226337.75,444607.424
601698.SH,20250116,19.6,19.86,19.2,19.4,19.5,-0.1,-0.5128,173512.07,338383.7
601698.SH,20250115,19.9,20,19.43,19.5,19.92,-0.42,-2.1084,209628.37,412712.263
601698.SH,20250114,19.01,19.93,18.86,19.92,18.94,0.98,5.1742,279133,545809.874
601698.SH,20250113,18.63,19.08,18.51,18.94,18.85,0.09,0.4775,127904.47,240709.514
601698.SH,20250110,19.22,19.46,18.85,18.85,19.32,-0.47,-2.4327,173761,333364.014
601698.SH,20250109,18.81,19.59,18.75,19.32,18.96,0.36,1.8987,236717.79,456220.851
601698.SH,20250108,18.87,19.05,18.3,18.96,19.05,-0.09,-0.4724,192120,359766.855
601698.SH,20250107,18.84,19.06,18.68,19.05,18.68,0.37,1.9807,159754.31,301540.701
601698.SH,20250106,18.66,18.84,18.46,18.68,18.73,-0.05,-0.267,195494,364512.445
601698.SH,20250103,19.66,19.73,18.71,18.73,19.61,-0.88,-4.4875,303019.34,578033.349
601698.SH,20250102,20.13,20.34,19.31,19.61,20.4,-0.79,-3.8725,313158.98,621548.204
601698.SH,20241231,21.08,21.16,20.38,20.4,21.11,-0.71,-3.3633,284396,587493.879
601698.SH,20241230,21.33,21.43,21.02,21.11,21.43,-0.32,-1.4932,217738.8,461152.278
601698.SH,20241227,21.79,21.93,21.3,21.43,21.72,-0.29,-1.3352,338792.61,732477.942
601698.SH,20241226,21.35,21.72,21.26,21.72,21.2,0.52,2.4528,305087.54,657757.459
601698.SH,20241225,21.48,21.66,21.1,21.2,21.46,-0.26,-1.2116,245315,524044.596
601698.SH,20241224,21.55,21.7,20.98,21.46,21.48,-0.02,-0.0931,268397.38,571493.142
601698.SH,20241223,21.9,21.94,21.44,21.48,21.86,-0.38,-1.7383,255903.77,553247.679
601698.SH,20241220,21.8,22.13,21.63,21.86,21.75,0.11,0.5057,297823.82,651720.31
601698.SH,20241219,21.2,21.94,21.15,21.75,21.81,-0.06,-0.2751,330482.66,714373.658
601698.SH,20241218,22.03,22.42,21.62,21.81,21.6,0.21,0.9722,455349.91,1002901.991
601698.SH,20241217,22.8,22.8,21.5,21.6,23.08,-1.48,-6.4125,687838.29,1516090.16
601698.SH,20241216,23.2,24.46,22.74,23.08,23.55,-0.47,-1.9958,884978.12,2091051.184
601698.SH,20241213,22.98,24.5,22.71,23.55,23.34,0.21,0.8997,1102392.23,2612380.703
601698.SH,20241212,22.8,23.75,22.34,23.34,22.92,0.42,1.8325,839942.4,1941019.583
601698.SH,20241211,22.6,22.92,22.37,22.92,22.98,-0.06,-0.2611,631766,1428525.677
601698.SH,20241210,22.22,23.59,21.78,22.98,21.57,1.41,6.5369,1129028.39,2553458.92
601698.SH,20241209,22.2,22.2,21.45,21.57,22.29,-0.72,-3.2301,507122.41,1101586.99
601698.SH,20241206,22.81,22.86,22,22.29,22.6,-0.31,-1.3717,487924.51,1087948.234
601698.SH,20241205,22.09,22.91,21.96,22.6,22.12,0.48,2.17,662491.98,1488654.347
601698.SH,20241204,22.2,22.44,21.89,22.12,22.46,-0.34,-1.5138,487077,1077176.383
601698.SH,20241203,22.8,23.15,22.12,22.46,23,-0.54,-2.3478,705766.3,1596184.079
601698.SH,20241202,23.1,23.27,22.58,23,23.17,-0.17,-0.7337,910294.93,2083197.23
601698.SH,20241129,22.02,23.94,22.02,23.17,22.02,1.15,5.2225,1371131.36,3166013.427
601698.SH,20241128,22,23.16,21.75,22.02,22.19,-0.17,-0.7661,1501321.66,3373293.22
601698.SH,20241127,20.01,22.19,19.95,22.19,20.17,2.02,10.0149,1503760.03,3240479.781
601698.SH,20241126,20.65,20.95,20.15,20.17,20.59,-0.42,-2.0398,551841.83,1132892.589
601698.SH,20241125,20.8,20.94,20.03,20.59,21.17,-0.58,-2.7397,791686.83,1618350.76
601698.SH,20241122,22.3,22.57,21.13,21.17,22.7,-1.53,-6.7401,1085337.57,2369174.917
601698.SH,20241121,22.88,23.25,22.17,22.7,22.57,0.13,0.576,1268470.28,2889838.387
601698.SH,20241120,21.85,23.14,21.7,22.57,22.21,0.36,1.6209,1496209.34,3383060.524
601698.SH,20241119,21.9,22.64,21.06,22.21,21.55,0.66,3.0626,1348366.88,2931935.729
601698.SH,20241118,23.01,23.22,21.2,21.55,23.35,-1.8,-7.7088,1549207.6,3388303.642
601698.SH,20241115,24,25.3,22.91,23.35,25.46,-2.11,-8.2875,2355995.42,5549828.922
601698.SH,20241114,26.84,26.84,25.46,25.46,28.29,-2.83,-10.0035,1703863.15,4404042.799
601698.SH,20241113,25.38,28.29,25.38,28.29,25.72,2.57,9.9922,2944965.6,8201419.1
601698.SH,20241112,25.25,27.15,24.99,25.72,24.68,1.04,4.2139,3043023.42,7881083.459
601698.SH,20241111,24.68,24.68,24.68,24.68,22.44,2.24,9.9822,147611.11,364304.219
601698.SH,20241108,20.4,22.44,19.5,22.44,20.4,2.04,10,892287.63,1903890.505
601698.SH,20241107,19.05,20.86,19.05,20.4,18.96,1.44,7.5949,2098686.55,4252774.128
601698.SH,20241106,17.58,19.2,17.36,18.96,17.45,1.51,8.6533,1310284.26,2447871.218
601698.SH,20241105,16.92,17.6,16.91,17.45,16.9,0.55,3.2544,456777.98,793337.261
601698.SH,20241104,16.54,17.1,16.53,16.9,16.56,0.34,2.0531,228541.66,385643.39
601698.SH,20241101,16.88,16.93,16.41,16.56,17,-0.44,-2.5882,266724.74,443294.471
601698.SH,20241031,17.1,17.11,16.59,17,17.18,-0.18,-1.0477,339717.48,574052.951
601698.SH,20241030,17.28,17.38,17,17.18,17.33,-0.15,-0.8656,260369.13,447784.81
601698.SH,20241029,17.33,17.58,17.21,17.33,17.33,0,0,321513,558530.389
601698.SH,20241028,17.27,17.47,17.15,17.33,17.28,0.05,0.2894,263458.43,456002.888
601698.SH,20241025,17.43,17.48,17.15,17.28,17.36,-0.08,-0.4608,286624.32,495532.474
601698.SH,20241024,17.5,17.74,17.26,17.36,17.59,-0.23,-1.3076,255405.2,444954.973
601698.SH,20241023,17.49,18.03,17.36,17.59,17.51,0.08,0.4569,489357.79,869169.61
601698.SH,20241022,18.28,18.28,17.33,17.51,18.03,-0.52,-2.8841,563753.32,989895.117
601698.SH,20241021,17.2,18.29,17.2,18.03,17.06,0.97,5.6858,791897.45,1408396.685
601698.SH,20241018,16.8,17.49,16.51,17.06,16.68,0.38,2.2782,498659.66,849369.3
601698.SH,20241017,16.5,16.93,16.5,16.68,16.48,0.2,1.2136,255043.82,425827.596
601698.SH,20241016,16.63,16.73,16.28,16.48,16.82,-0.34,-2.0214,254080.9,418903.978
601698.SH,20241015,16.8,17.3,16.61,16.82,16.91,-0.09,-0.5322,367291.23,624749.883
601698.SH,20241014,16.35,16.97,16.31,16.91,16.25,0.66,4.0615,370864.21,619454.778
601698.SH,20241011,17,17,16.08,16.25,16.92,-0.67,-3.9598,325154.86,532456.469
601698.SH,20241010,16.4,17.68,16.4,16.92,16.47,0.45,2.7322,520713.08,887345.904
601698.SH,20241009,17.74,17.74,16.47,16.47,18.3,-1.83,-10,587099.57,1000302.824
601698.SH,20241008,19,19,17.13,18.3,17.28,1.02,5.9028,834549.34,1515675.978
601698.SH,20240930,16.99,17.49,16.21,17.28,16.1,1.18,7.3292,649494,1103684.005
601698.SH,20240927,15.47,16.13,15.47,16.1,15.36,0.74,4.8177,274785.47,435395.23
601698.SH,20240926,14.83,15.36,14.75,15.36,14.85,0.51,3.4343,257639.8,389639.655
601698.SH,20240925,15,15.3,14.83,14.85,14.81,0.04,0.2701,309676.98,466938.255
601698.SH,20240924,14.5,14.82,14.3,14.81,14.5,0.31,2.1379,228009,333829.342
601698.SH,20240923,14.21,14.55,14.21,14.5,14.32,0.18,1.257,122255,176620.49
601698.SH,20240920,14.41,14.5,14.17,14.32,14.45,-0.13,-0.8997,103881,148804.496
601698.SH,20240919,14.24,14.48,14.04,14.45,14.14,0.31,2.1924,108740,155884.107
601698.SH,20240918,14.27,14.31,13.92,14.14,14.2,-0.06,-0.4225,90307,127211.296
601698.SH,20240913,14.28,14.37,14.2,14.2,14.27,-0.07,-0.4905,65442,93385.555
601698.SH,20240912,14.39,14.52,14.26,14.27,14.38,-0.11,-0.765,74550.88,107339.073
601698.SH,20240911,14.43,14.55,14.28,14.38,14.46,-0.08,-0.5533,87327.93,125894.794
601698.SH,20240910,14.28,14.49,14.12,14.46,14.25,0.21,1.4737,103291.9,147938.732
601698.SH,20240909,14.21,14.41,14.19,14.25,14.35,-0.1,-0.6969,77860,111185.423
601698.SH,20240906,14.58,14.61,14.34,14.35,14.57,-0.22,-1.51,102819,148600.299
601698.SH,20240905,14.4,14.6,14.34,14.57,14.4,0.17,1.1806,118256.8,171473.087
601698.SH,20240904,14.5,14.59,14.34,14.4,14.57,-0.17,-1.1668,108761.36,157227.899
601698.SH,20240903,14.5,14.71,14.5,14.57,14.5,0.07,0.4828,97522.58,142292.406
601698.SH,20240902,15.01,15.04,14.5,14.5,15,-0.5,-3.3333,195291.66,287010.925
601698.SH,20240830,14.85,15.11,14.76,15,14.77,0.23,1.5572,231857.61,347983.634
601698.SH,20240829,14.56,14.84,14.54,14.77,14.62,0.15,1.026,120076,177000.292
601698.SH,20240828,14.51,14.72,14.51,14.62,14.55,0.07,0.4811,90541.78,132370.236
601698.SH,20240827,14.86,14.86,14.47,14.55,14.83,-0.28,-1.8881,142691,208154.564
601698.SH,20240826,14.86,14.97,14.76,14.83,14.86,-0.03,-0.2019,131132.25,194648.54
601698.SH,20240823,14.86,15.04,14.72,14.86,14.94,-0.08,-0.5355,157790.26,234799.553
601698.SH,20240822,15.09,15.22,14.82,14.94,15.09,-0.15,-0.994,193100.44,289843.688
601698.SH,20240821,15.1,15.28,15.06,15.09,15.23,-0.14,-0.9192,137397,208153.523
601698.SH,20240820,15.29,15.38,15.15,15.23,15.28,-0.05,-0.3272,145265,221473.923
601698.SH,20240819,15.26,15.43,15.2,15.28,15.25,0.03,0.1967,152085.08,233126.66
601698.SH,20240816,15.69,15.75,15.22,15.25,15.63,-0.38,-2.4312,222854.28,343792.606
601698.SH,20240815,15.46,15.79,15.31,15.63,15.52,0.11,0.7088,221857,345109.311
601698.SH,20240814,15.76,15.82,15.5,15.52,15.74,-0.22,-1.3977,181599.56,284056.238
601698.SH,20240813,15.67,15.8,15.51,15.74,15.68,0.06,0.3827,192646,302046.612
601698.SH,20240812,15.93,15.94,15.47,15.68,16.03,-0.35,-2.1834,314411.61,492587.224
601698.SH,20240809,16.4,16.64,16.01,16.03,16.39,-0.36,-2.1965,427070.55,694383.178
601698.SH,20240808,17.37,17.38,16.33,16.39,17.63,-1.24,-7.0335,742425.67,1239081.887
601698.SH,20240807,17.19,17.95,17.03,17.63,17.15,0.48,2.7988,795755.31,1397557.37
601698.SH,20240806,17.08,17.44,16.54,17.15,16.96,0.19,1.1203,673914.28,1148913.35
601698.SH,20240805,18.07,18.73,16.8,16.96,17.92,-0.96,-5.3571,1036776.35,1840237.184
601698.SH,20240802,17.49,18.21,17.02,17.92,17.48,0.44,2.5172,1089513.35,1937602.971
601698.SH,20240801,17.27,18.44,17.21,17.48,17.57,-0.09,-0.5122,990395.92,1760659.458
601698.SH,20240731,17.38,17.97,16.91,17.57,16.86,0.71,4.2112,1290642.5,2254383.532
601698.SH,20240730,15.4,16.86,15.19,16.86,15.33,1.53,9.9804,495764.13,809671.946
601698.SH,20240729,15.19,15.56,15.15,15.33,15.19,0.14,0.9217,223946.93,344559.966
601698.SH,20240726,14.84,15.22,14.76,15.19,14.79,0.4,2.7045,177012.9,267097.673
601698.SH,20240725,14.61,14.85,14.52,14.79,14.69,0.1,0.6807,71922.9,105867.772
601698.SH,20240724,14.6,14.97,14.6,14.69,14.67,0.02,0.1363,106662.9,157322.467
601698.SH,20240723,14.99,15.1,14.67,14.67,15.04,-0.37,-2.4601,104773,156019.579
601698.SH,20240722,15.01,15.22,14.9,15.04,15.01,0.03,0.1999,143879.99,216422.159
601698.SH,20240719,14.6,15.06,14.6,15.01,14.6,0.41,2.8082,169346.36,252952.808
601698.SH,20240718,14.55,14.69,14.38,14.6,14.68,-0.08,-0.545,103235.9,149840.531
601698.SH,20240717,14.57,14.81,14.56,14.68,14.61,0.07,0.4791,117800.26,173202.835
601698.SH,20240716,14.45,14.63,14.44,14.61,14.54,0.07,0.4814,96178.6,139929.493
601698.SH,20240715,14.45,14.68,14.45,14.54,14.41,0.13,0.9022,107012.86,155874.465
601698.SH,20240712,14.53,14.53,14.3,14.41,14.5,-0.09,-0.6207,76828.3,110549.952
601698.SH,20240711,14.51,14.59,14.36,14.5,14.27,0.23,1.6118,133642.57,193709.749
601698.SH,20240710,13.85,14.63,13.85,14.27,13.97,0.3,2.1475,232915.96,335186.579
601698.SH,20240709,13.45,14.04,13.4,13.97,13.28,0.69,5.1958,185276.02,254624.195
601698.SH,20240708,13.64,13.64,13.24,13.28,13.65,-0.37,-2.7106,64212,86030.924
601698.SH,20240705,13.45,13.65,13.3,13.65,13.46,0.19,1.4116,66419.18,89509.14
601698.SH,20240704,13.76,13.82,13.46,13.46,13.72,-0.26,-1.895,70593.32,95846.223
601698.SH,20240703,13.93,13.93,13.68,13.72,13.92,-0.2,-1.4368,68686,94523.545
601698.SH,20240702,14.05,14.13,13.84,13.92,14.05,-0.13,-0.9253,68770.64,96297.006
601698.SH,20240701,14.09,14.2,13.78,14.05,14.09,-0.04,-0.2839,102745,143691.477
601698.SH,20240628,13.88,14.22,13.85,14.09,13.88,0.21,1.513,108474.35,152844.291
601698.SH,20240627,14.15,14.18,13.87,13.88,14.22,-0.34,-2.391,84063.05,117666.625
601698.SH,20240626,13.76,14.28,13.66,14.24,13.76,0.48,3.4884,114011.93,160182.998
601698.SH,20240625,13.95,14.04,13.69,13.76,13.88,-0.12,-0.8646,82159.45,113722.436
601698.SH,20240624,14.31,14.44,13.86,13.88,14.42,-0.54,-3.7448,108466.3,152857.368
601698.SH,20240621,14.29,14.49,14.26,14.42,14.42,0,0,59903,86255.338
601698.SH,20240620,14.82,14.82,14.4,14.42,14.87,-0.45,-3.0262,125301,182718.242
601698.SH,20240619,15.01,15.08,14.84,14.87,15,-0.13,-0.8667,74190.21,110997.051
601698.SH,20240618,14.81,15.04,14.74,15,14.79,0.21,1.4199,118824.15,177759.524
601698.SH,20240617,14.7,14.9,14.66,14.79,14.79,0,0,65912,97600.554
601698.SH,20240614,14.8,14.89,14.72,14.79,14.85,-0.06,-0.404,82154.84,121460.259
601698.SH,20240613,14.8,14.98,14.66,14.85,14.86,-0.01,-0.0673,93509.26,138641.773
601698.SH,20240612,14.83,15.05,14.8,14.86,14.85,0.01,0.0673,97615.1,145584.185
601698.SH,20240611,14.62,14.94,14.5,14.85,14.72,0.13,0.8832,102226.49,150509.752
601698.SH,20240607,14.78,14.85,14.58,14.72,14.7,0.02,0.1361,98873.29,145312.199
601698.SH,20240606,15.15,15.2,14.7,14.7,15.1,-0.4,-2.649,161017.96,239088.234
601698.SH,20240605,15.03,15.35,15,15.1,15.1,0,0,132533.79,201541.823
601698.SH,20240604,15.22,15.29,14.98,15.1,15.33,-0.23,-1.5003,139005.47,209546.972
601698.SH,20240603,15.51,15.65,15.18,15.33,15.59,-0.26,-1.6677,201719.28,310497.211
601698.SH,20240531,15.18,15.73,15.18,15.59,15.23,0.36,2.3638,299004.58,463329.836
601698.SH,20240530,14.97,15.34,14.87,15.23,15.1,0.13,0.8609,173135.18,263103.137
601698.SH,20240529,15.49,15.63,15,15.1,14.9,0.2,1.3423,167511.63,255697.372
601698.SH,20240528,14.8,15.25,14.76,14.9,14.92,-0.02,-0.134,115653,173644.223
601698.SH,20240527,14.7,14.93,14.69,14.92,14.76,0.16,1.084,87098.47,128808.523
601698.SH,20240524,15.1,15.2,14.75,14.76,15.2,-0.44,-2.8947,158151.5,235996.294
601698.SH,20240523,15.48,15.48,15.2,15.2,15.47,-0.27,-1.7453,125453,192105.885
601698.SH,20240522,15.27,15.71,15.22,15.47,15.28,0.19,1.2435,161533.95,250247.491
601698.SH,20240521,15.53,15.68,15.2,15.28,15.57,-0.29,-1.8626,169612,260452.511
601698.SH,20240520,15.42,15.62,15.38,15.57,15.49,0.08,0.5165,132848.19,206250.627
601698.SH,20240517,15.35,15.5,15.21,15.49,15.34,0.15,0.9778,116247.26,179020.87
601698.SH,20240516,15.24,15.39,15.15,15.34,15.25,0.09,0.5902,119489.97,182756.077
601698.SH,20240515,15.55,15.63,15.2,15.25,15.58,-0.33,-2.1181,137615.73,211805.807
601698.SH,20240514,15.64,15.81,15.51,15.58,15.66,-0.08,-0.5109,120647.14,188332.617
601698.SH,20240513,15.89,15.95,15.6,15.66,16.09,-0.43,-2.6725,189532.35,298468.257
601698.SH,20240510,16.19,16.34,16.06,16.09,16.22,-0.13,-0.8015,223473.64,361255.603
601698.SH,20240509,15.99,16.28,15.97,16.22,16.03,0.19,1.1853,248087.07,400119.225
601698.SH,20240508,16.31,16.33,15.94,16.03,16.3,-0.27,-1.6564,350823.12,563877.546
601698.SH,20240507,15.39,16.64,15.33,16.3,15.42,0.88,5.7069,601887.68,967883.582
601698.SH,20240506,15.4,15.54,15.31,15.42,15.24,0.18,1.1811,150581.18,232167.446
601698.SH,20240430,15.33,15.45,15.12,15.24,15.45,-0.21,-1.3592,169226.52,258337.521
601698.SH,20240429,15.28,15.56,15.23,15.45,15.26,0.19,1.2451,196364.4,302842.022
601698.SH,20240426,15.05,15.43,15.03,15.26,15.1,0.16,1.0596,199940.68,305663.629
601698.SH,20240425,15.3,15.32,15.05,15.1,15.29,-0.19,-1.2426,118065.65,178539.708
601698.SH,20240424,15.01,15.39,15.01,15.29,15.11,0.18,1.1913,150648.37,229492.531
601698.SH,20240423,15.56,15.56,15.05,15.11,15.63,-0.52,-3.3269,228789.12,348562.626
601698.SH,20240422,15.3,15.88,15.18,15.63,15.14,0.49,3.2365,336099.67,524221.775
601698.SH,20240419,14.81,15.44,14.78,15.14,15.02,0.12,0.7989,207129.91,312545.97
601698.SH,20240418,14.84,15.23,14.83,15.02,14.97,0.05,0.334,152024.7,229226.848
601698.SH,20240417,14.41,14.97,14.41,14.97,14.54,0.43,2.9574,161172.41,238954.964
601698.SH,20240416,15.07,15.36,14.54,14.54,15.07,-0.53,-3.5169,242181.08,362671.133
601698.SH,20240415,14.78,15.34,14.51,15.07,14.73,0.34,2.3082,218095.71,327979.893
601698.SH,20240412,14.84,14.96,14.71,14.73,14.85,-0.12,-0.8081,109125.71,161984.461
601698.SH,20240411,15.06,15.23,14.82,14.85,15.04,-0.19,-1.2633,161079.96,241732.849
601698.SH,20240410,15.45,15.45,14.91,15.04,15.42,-0.38,-2.4643,143397,216360.014
601698.SH,20240409,15.58,15.7,15.36,15.42,15.55,-0.13,-0.836,131874,204583.777
601698.SH,20240408,15.89,15.89,15.38,15.55,15.75,-0.2,-1.2698,157194.37,244364.06
601698.SH,20240403,15.67,15.78,15.36,15.75,15.76,-0.01,-0.0635,168733.25,262981.211
601698.SH,20240402,15.9,15.92,15.44,15.76,16.02,-0.26,-1.623,197479.94,309676.508
601698.SH,20240401,16.2,16.24,15.88,16.02,16,0.02,0.125,189359.17,302870.346
601698.SH,20240329,15.88,16.1,15.66,16,15.8,0.2,1.2658,198768.3,316134.914
601698.SH,20240328,15.12,16.11,15.05,15.8,15.12,0.68,4.4974,264870.65,415890.528
601698.SH,20240327,15.89,15.9,15,15.12,15.91,-0.79,-4.9654,203486.73,312848.793
601698.SH,20240326,15.8,16.21,15.75,15.91,15.81,0.1,0.6325,209695.68,335598.973
601698.SH,20240325,16.12,16.49,15.7,15.81,16.13,-0.32,-1.9839,219950.16,354953.934
601698.SH,20240322,16.56,16.56,16.1,16.13,16.56,-0.43,-2.5966,224717.35,364840.756
601698.SH,20240321,16.71,16.84,16.51,16.56,16.71,-0.15,-0.8977,195613.11,325628.26
601698.SH,20240320,16.61,16.8,16.45,16.71,16.67,0.04,0.24,213589.43,355832.777
601698.SH,20240319,16.68,17.16,16.58,16.67,16.75,-0.08,-0.4776,330394.34,556161.105
601698.SH,20240318,16.5,16.8,16.48,16.75,16.52,0.23,1.3923,240013.22,400376.183
601698.SH,20240315,16.5,16.6,16.3,16.52,16.41,0.11,0.6703,172602.82,283844.379
601698.SH,20240314,16.64,16.7,16.26,16.41,16.74,-0.33,-1.9713,221059.76,363960.438
601698.SH,20240313,16.66,17.06,16.5,16.74,16.66,0.08,0.4802,318758.05,533683.633
601698.SH,20240312,16.6,16.85,16.54,16.66,16.62,0.04,0.2407,245386.84,408979.202
601698.SH,20240311,16.47,16.65,16.41,16.62,16.65,-0.03,-0.1802,193801.93,320319.845
601698.SH,20240308,16.17,16.73,16.1,16.65,16.17,0.48,2.9685,294930.37,485606.716
601698.SH,20240307,16.59,16.84,16.1,16.17,16.67,-0.5,-2.9994,312209.11,512783.313
601698.SH,20240306,16.62,16.92,16.51,16.67,16.66,0.01,0.06,236982.75,396317.721
601698.SH,20240305,16.85,17.17,16.6,16.66,17.08,-0.42,-2.459,388277.29,655832.182
601698.SH,20240304,17.29,17.35,16.77,17.08,17.24,-0.16,-0.9281,396002.18,673069.127
601698.SH,20240301,16.7,17.25,16.63,17.24,16.89,0.35,2.0722,545879.04,926837.483
601698.SH,20240229,16,16.98,15.9,16.89,16.22,0.67,4.1307,506221.38,841656.937
601698.SH,20240228,17,17.15,16.19,16.22,16.97,-0.75,-4.4196,743313.76,1241599.252
601698.SH,20240227,16,16.97,15.65,16.97,15.43,1.54,9.9806,808883.41,1331428.317
601698.SH,20240226,15.58,15.92,15.32,15.43,15.57,-0.14,-0.8992,300044.34,469130.711
601698.SH,20240223,15.58,15.68,15.37,15.57,15.58,-0.01,-0.0642,272648.06,423771.475
601698.SH,20240222,15.1,15.78,15.06,15.58,15.1,0.48,3.1788,331764.73,513423.933
601698.SH,20240221,15,15.43,14.89,15.1,15.15,-0.05,-0.33,260698.61,395691.325
601698.SH,20240220,14.72,15.37,14.57,15.15,14.88,0.27,1.8145,284148.97,427326.695
601698.SH,20240219,14.72,15.5,14.63,14.88,14.66,0.22,1.5007,341162.76,508768.694
601698.SH,20240208,14.4,14.66,14.07,14.66,14.09,0.57,4.0454,256487.5,369548.633
601698.SH,20240207,13.85,14.47,13.81,14.09,13.85,0.24,1.7329,263443.81,373829.156
601698.SH,20240206,12.88,14.05,12.8,13.85,13.05,0.8,6.1303,233106.94,315058.94
601698.SH,20240205,13.78,13.78,12.75,13.05,13.9,-0.85,-6.1151,265578.28,350780.935
601698.SH,20240202,14.34,14.59,13.31,13.9,14.34,-0.44,-3.0683,234713.93,329899.86
601698.SH,20240201,14.39,14.69,14.1,14.34,14.29,0.05,0.3499,171614.04,246902.407
601698.SH,20240131,14.9,14.93,14.28,14.29,14.96,-0.67,-4.4786,222740.32,324041.757
601698.SH,20240130,15.3,15.55,14.93,14.96,15.68,-0.72,-4.5918,233467.98,355585.146
601698.SH,20240129,15.4,16.13,15.26,15.68,15.62,0.06,0.3841,396684.86,622984.332
601698.SH,20240126,15.93,15.94,15.54,15.62,16.12,-0.5,-3.1017,330693.8,519285.369
601698.SH,20240125,14.8,16.19,14.74,16.12,14.79,1.33,8.9926,548470.41,858628.014
601698.SH,20240124,14.35,14.84,14.15,14.79,14.34,0.45,3.1381,205792.65,298310.813
601698.SH,20240123,14.18,14.44,14.05,14.34,14.15,0.19,1.3428,115962.73,165901.886
601698.SH,20240122,14.7,14.86,14,14.15,14.71,-0.56,-3.8069,157145.54,226706.999
601698.SH,20240119,14.58,15.05,14.5,14.71,14.69,0.02,0.1361,145101.61,214543.347
601698.SH,20240118,14.48,14.76,14.05,14.69,14.6,0.09,0.6164,215238.49,308450.076
601698.SH,20240117,14.99,15.04,14.6,14.6,15.04,-0.44,-2.9255,110949.65,164335.57
601698.SH,20240116,15.08,15.08,14.72,15.04,15.08,-0.04,-0.2653,164045.7,244501.961
601698.SH,20240115,15.36,15.48,15,15.08,15.74,-0.66,-4.1931,252657.3,382122.4
601698.SH,20240112,15.27,15.92,15.01,15.74,15.28,0.46,3.0105,312787.39,485548.089
601698.SH,20240111,15.02,15.3,14.94,15.28,15.02,0.26,1.731,136074.71,206114.168
601698.SH,20240110,15.2,15.32,14.85,15.02,15.35,-0.33,-2.1498,156606.61,235625.558
601698.SH,20240109,15.72,15.89,15.09,15.35,15.72,-0.37,-2.3537,218539.84,337477.172
601698.SH,20240108,16.04,16.12,15.68,15.72,16.14,-0.42,-2.6022,127834.71,202083.489
601698.SH,20240105,16.65,16.73,16,16.14,16.66,-0.52,-3.1212,172137.6,280975.878
601698.SH,20240104,17,17.09,16.64,16.66,16.97,-0.31,-1.8268,106179.57,177855.022
601698.SH,20240103,17.17,17.17,16.75,16.97,17.17,-0.2,-1.1648,129225.99,219013.285
601698.SH,20240102,17.4,17.42,17.15,17.17,17.31,-0.14,-0.8088,141905.14,244944.382
601698.SH,20231229,16.9,17.4,16.81,17.31,16.9,0.41,2.426,233562.72,401040.362
601698.SH,20231228,16.25,17.17,16.25,16.9,16.22,0.68,4.1924,300962.59,505692.627
601698.SH,20231227,16.19,16.35,16.06,16.22,16.06,0.16,0.9963,151886.8,245902.114
601698.SH,20231226,16.69,16.69,15.76,16.06,17.22,-1.16,-6.7364,305415.19,492006.011
601698.SH,20231225,17.02,17.3,17.02,17.22,17.03,0.19,1.1157,85018.59,146328.087
601698.SH,20231222,17.23,17.32,17.01,17.03,17.12,-0.09,-0.5257,124572.63,213586.803
601698.SH,20231221,16.78,17.14,16.71,17.12,16.83,0.29,1.7231,124691.13,211882.901
601698.SH,20231220,17.25,17.25,16.82,16.83,17.19,-0.36,-2.0942,117212.43,199314.207
601698.SH,20231219,17.15,17.32,17.01,17.19,17.23,-0.04,-0.2322,114746.02,196977.207
601698.SH,20231218,17.65,17.68,17.21,17.23,17.71,-0.48,-2.7103,148187.42,257508.559
601698.SH,20231215,17.8,17.92,17.68,17.71,17.8,-0.09,-0.5056,97918.22,173931.536
601698.SH,20231214,18.05,18.16,17.8,17.8,18,-0.2,-1.1111,104652.87,188303.73
601698.SH,20231213,18.2,18.3,18,18,18.25,-0.25,-1.3699,145213.82,263408.935
601698.SH,20231212,18.28,18.35,18.13,18.25,18.27,-0.02,-0.1095,120650.08,220026.887
601698.SH,20231211,18.01,18.3,17.81,18.27,18.08,0.19,1.0509,173501.41,314397.333
601698.SH,20231208,17.7,18.28,17.7,18.08,17.69,0.39,2.2046,271484.91,490836.61
601698.SH,20231207,17.62,17.8,17.46,17.69,17.66,0.03,0.1699,158896.73,280486.943
601698.SH,20231206,17.8,17.95,17.65,17.66,17.83,-0.17,-0.9534,163681.97,291167.374
601698.SH,20231205,18.46,18.46,17.83,17.83,18.48,-0.65,-3.5173,215851.05,390949.819
601698.SH,20231204,18.12,18.52,18.08,18.48,18.12,0.36,1.9868,287466.85,527747.681
601698.SH,20231201,18.16,18.2,17.6,18.12,18.2,-0.08,-0.4396,299046.66,535964.405
601698.SH,20231130,18.1,18.4,18.07,18.2,18.15,0.05,0.2755,153899.09,280723.654
601698.SH,20231129,18.36,18.39,18.12,18.15,18.47,-0.32,-1.7325,147219.46,268752.97
601698.SH,20231128,18.12,18.48,17.96,18.47,18.16,0.31,1.707,263389.99,482330.318
601698.SH,20231127,18.1,18.27,18.01,18.16,18.2,-0.04,-0.2198,158806.42,287680.983
601698.SH,20231124,18.75,18.77,18.16,18.2,18.68,-0.48,-2.5696,240341.23,441301.862
601698.SH,20231123,18.5,18.75,18.3,18.68,18.54,0.14,0.7551,233785.72,434207.654
601698.SH,20231122,18.61,18.84,18.41,18.54,18.68,-0.14,-0.7495,287362.89,535060.146
601698.SH,20231121,19.25,19.25,18.63,18.68,19.2,-0.52,-2.7083,420109.03,792293.311
601698.SH,20231120,18.98,19.37,18.88,19.2,19.04,0.16,0.8403,331576.35,633775.744
601698.SH,20231117,19.37,19.53,18.9,19.04,19.37,-0.33,-1.7037,359116.41,686547.5
601698.SH,20231116,19.8,19.8,19.32,19.37,19.84,-0.47,-2.369,353473.96,691679.88
601698.SH,20231115,19.61,20.1,19.2,19.84,19.55,0.29,1.4834,612014.68,1201411.844
601698.SH,20231114,19.73,19.77,19.41,19.55,19.84,-0.29,-1.4617,485425.76,947928.285
601698.SH,20231113,19.44,19.87,19.17,19.84,19.4,0.44,2.268,726793.55,1420859.705
601698.SH,20231110,18.8,19.47,18.76,19.4,18.59,0.81,4.3572,807816.94,1552193.909
601698.SH,20231109,18.79,19.03,18.54,18.59,18.89,-0.3,-1.5881,326049.49,609943.685
601698.SH,20231108,18.82,19.15,18.66,18.89,18.96,-0.07,-0.3692,412506.65,780075.291
601698.SH,20231107,18.78,19.16,18.5,18.96,18.79,0.17,0.9047,501399.69,948019.168
601698.SH,20231106,18.51,18.82,18.39,18.79,18.51,0.28,1.5127,440785.2,821225.164
601698.SH,20231103,18,18.7,17.86,18.51,18.06,0.45,2.4917,512004.33,944959.954
601698.SH,20231102,18.58,18.75,18.01,18.06,18.55,-0.49,-2.6415,449272.37,819468.637
601698.SH,20231101,18.98,19.17,18.46,18.55,19,-0.45,-2.3684,487433.18,909179.618
601698.SH,20231031,19.33,19.61,18.77,19,19.4,-0.4,-2.0619,645482.51,1235501.044
601698.SH,20231030,19.21,19.65,19.14,19.4,19.52,-0.12,-0.6148,610165.8,1182558.936
601698.SH,20231027,20.09,20.13,18.88,19.52,20.34,-0.82,-4.0315,927061.35,1801409.138
601698.SH,20231026,19.79,21.2,19.71,20.34,20.19,0.15,0.7429,1163200.62,2370707.342
601698.SH,20231025,20.05,20.77,20.02,20.19,20.26,-0.07,-0.3455,1087595.16,2217535.363
601698.SH,20231024,20.67,21.2,19.85,20.26,20.42,-0.16,-0.7835,1628275.92,3350381.112
601698.SH,20231023,18.56,20.42,18.56,20.42,18.56,1.86,10.0216,1112341.97,2191469.227
601698.SH,20231020,19.52,20.05,18.55,18.56,20.14,-1.58,-7.8451,898598.52,1719128.843
601698.SH,20231019,19.5,21.29,19.5,20.14,19.75,0.39,1.9747,1356362.32,2765081.279
601698.SH,20231018,19.59,20.55,19,19.75,19.59,0.16,0.8167,1280800.32,2519613.48
601698.SH,20231017,17.77,19.59,17.66,19.59,17.81,1.78,9.9944,764535.65,1440705.746
601698.SH,20231016,17.8,18.1,17.64,17.81,17.92,-0.11,-0.6138,241031.33,429509.566
601698.SH,20231013,17.73,18.18,17.49,17.92,17.88,0.04,0.2237,319915.52,572212.657
601698.SH,20231012,18.19,18.37,17.66,17.88,18.04,-0.16,-0.8869,259029.83,462455.232
601698.SH,20231011,17.88,18.32,17.64,18.04,18,0.04,0.2222,392105.73,706850.639
601698.SH,20231010,17.68,18.09,17.66,18,17.77,0.23,1.2943,404900.73,722651.352
601698.SH,20231009,17.01,18.53,17.01,17.77,16.97,0.8,4.7142,549066.37,978523.75
601698.SH,20230928,16.84,17.1,16.84,16.97,16.86,0.11,0.6524,177247.38,300504.551
601698.SH,20230927,17,17.09,16.83,16.86,17.04,-0.18,-1.0563,203280.97,344384.351
601698.SH,20230926,16.96,17.17,16.75,17.04,16.96,0.08,0.4717,282187.14,479155.123
601698.SH,20230925,17.35,17.35,16.91,16.96,17.35,-0.39,-2.2478,240633.18,410379.523
601698.SH,20230922,17,17.4,16.81,17.35,17.08,0.27,1.5808,330084.22,566459.443
601698.SH,20230921,16.8,17.24,16.8,17.08,16.9,0.18,1.0651,310822.57,530315.786
601698.SH,20230920,16.85,17.16,16.74,16.9,17,-0.1,-0.5882,258366.07,437638.975
601698.SH,20230919,17.74,17.77,16.88,17,17.78,-0.78,-4.387,405141.79,695191.428
601698.SH,20230918,17.82,18.1,17.62,17.78,17.91,-0.13,-0.7259,330907.62,590847.178
601698.SH,20230915,18.35,18.45,17.86,17.91,18.51,-0.6,-3.2415,455411.18,821255.111
601698.SH,20230914,18.58,18.99,18.03,18.51,18.51,0,0,612025.88,1136443.173
601698.SH,20230913,19.3,19.3,18.39,18.51,19.88,-1.37,-6.8913,762117.89,1434554.247
601698.SH,20230912,19,20.05,18.5,19.88,19.47,0.41,2.1058,1199686.4,2315464.425
601698.SH,20230911,19.85,20.68,19.39,19.47,19.26,0.21,1.0903,1633021.72,3258734.325
601698.SH,20230908,17.52,19.26,17.47,19.26,17.51,1.75,9.9943,1104854.19,2072086.644
601698.SH,20230907,18.1,18.44,17.51,17.51,18.26,-0.75,-4.1073,397916.62,714123.967
601698.SH,20230906,17.6,18.38,17.26,18.26,17.9,0.36,2.0112,599539.12,1076581.618
601698.SH,20230905,17.5,18.5,17.5,17.9,17.64,0.26,1.4739,466274.55,836828.586
601698.SH,20230904,17.35,17.96,17.31,17.64,17.35,0.29,1.6715,396241.05,701821.47
601698.SH,20230901,17,17.65,16.85,17.35,17.05,0.3,1.7595,300757.39,518471.934
601698.SH,20230831,16.99,17.34,16.87,17.05,17.39,-0.34,-1.9551,260613.14,443940.113
601698.SH,20230830,16.83,17.81,16.81,17.39,16.57,0.82,4.9487,573407.36,999355.075
601698.SH,20230829,15.75,16.64,15.73,16.57,15.85,0.72,4.5426,227119.13,370612.151
601698.SH,20230828,16.42,16.66,15.74,15.85,15.55,0.3,1.9293,240238.39,388252.5
601698.SH,20230825,16.21,16.21,15.47,15.55,16.28,-0.73,-4.484,221121.9,347327.75
601698.SH,20230824,16.22,16.52,16.11,16.28,16.22,0.06,0.3699,127568.83,208499.617
601698.SH,20230823,16.7,16.7,16.2,16.22,16.76,-0.54,-3.222,139659.23,229012.461
601698.SH,20230822,16.5,16.85,16.41,16.76,16.42,0.34,2.0706,164399.06,273496.292
601698.SH,20230821,16.44,16.74,16.38,16.42,16.52,-0.1,-0.6053,97660.17,161726.539
601698.SH,20230818,16.97,16.97,16.51,16.52,16.95,-0.43,-2.5369,126563.97,212142.752
601698.SH,20230817,16.36,17.08,16.08,16.95,16.44,0.51,3.1022,211906.63,353861.796
601698.SH,20230816,16.64,16.83,16.43,16.44,16.67,-0.23,-1.3797,119505.07,198595.028
601698.SH,20230815,16.95,17.06,16.5,16.67,16.94,-0.27,-1.5939,122814.05,205785.895
601698.SH,20230814,16.7,17.03,16.54,16.94,16.84,0.1,0.5938,138092.33,232746.619
601698.SH,20230811,17.3,17.47,16.83,16.84,17.3,-0.46,-2.659,188642.12,323540.299
601698.SH,20230810,17.18,17.37,17.18,17.3,17.25,0.05,0.2899,85487.19,147765.31
601698.SH,20230809,17.26,17.45,17.22,17.25,17.39,-0.14,-0.8051,114571.97,198129.391
601698.SH,20230808,17.7,17.7,17.28,17.39,17.72,-0.33,-1.8623,177202.25,308506.355
601698.SH,20230807,17.9,17.9,17.66,17.72,17.96,-0.24,-1.3363,175357.7,311281.813
601698.SH,20230804,17.62,18.3,17.55,17.96,17.64,0.32,1.8141,313172.62,564250.303
601698.SH,20230803,17.53,17.79,17.46,17.64,17.6,0.04,0.2273,115460.64,203494.601
601698.SH,20230802,17.83,17.84,17.51,17.6,17.85,-0.25,-1.4006,131832.24,232647.319
601698.SH,20230801,17.88,18.05,17.61,17.85,17.9,-0.05,-0.2793,155710.3,276908.026
601698.SH,20230731,17.8,17.96,17.78,17.9,17.71,0.19,1.0728,179585.21,321405.613
601698.SH,20230728,17.62,17.79,17.15,17.71,17.61,0.1,0.5679,273797,477286.216
601698.SH,20230727,17.72,17.99,17.46,17.61,17.69,-0.08,-0.4522,189148.36,334952.095
601698.SH,20230726,18.3,18.33,17.66,17.69,18.23,-0.54,-2.9622,215014.09,386165.386
601698.SH,20230725,17.95,18.34,17.95,18.23,17.79,0.44,2.4733,215958.28,391579.428
601698.SH,20230724,17.7,18.03,17.65,17.79,17.86,-0.07,-0.3919,151406.32,270053.03
601698.SH,20230721,17.98,18.15,17.72,17.86,17.99,-0.13,-0.7226,193347.15,346322.659
601698.SH,20230720,18.7,18.75,17.97,17.99,18.76,-0.77,-4.1045,394902.87,720221.698
601698.SH,20230719,19.2,19.38,18.71,18.76,19.28,-0.52,-2.6971,282338.89,534984.514
601698.SH,20230718,19.79,19.79,19.27,19.28,19.81,-0.53,-2.6754,275565.4,536098.705
601698.SH,20230717,19.6,20.1,19.42,19.81,19.71,0.1,0.5074,386658.79,766483.262
601698.SH,20230714,19.29,19.98,19.1,19.71,19.3,0.41,2.1244,465195.36,910543.959
601698.SH,20230713,19.7,19.88,18.95,19.3,19.78,-0.48,-2.4267,484169.8,936730.794
601698.SH,20230712,19.8,20.08,19.58,19.78,19.81,-0.03,-0.1514,411551.1,815124.022
601698.SH,20230711,19.61,20.1,19.49,19.81,19.7,0.11,0.5584,452919.46,896733.552
601698.SH,20230710,19.17,20.1,19.09,19.7,18.94,0.76,4.0127,548323.05,1078112.272
601698.SH,20230707,19.6,19.6,18.83,18.94,19.57,-0.63,-3.2192,371112.4,708919.968
601698.SH,20230706,19.73,19.95,19.45,19.57,19.8,-0.23,-1.1616,413800.6,815247.421
601698.SH,20230705,20.6,21.18,19.79,19.8,20.99,-1.19,-5.6694,783903.44,1604886.468
601698.SH,20230704,19.95,21.69,19.16,20.99,19.91,1.08,5.4244,1142995.63,2317707.79
601698.SH,20230703,19.77,20.48,19.66,19.91,19.88,0.03,0.1509,532844.74,1067194.815